,model,GPT-3.5_p,GPT-3.5_A,GPT-4o-mini_p,GPT-4o-mini_A,GPT-4o_p,GPT-4o_A,GPT-5-Chat_p,GPT-5-Chat_A,DeepSeek-V2_p,DeepSeek-V2_A,DeepSeek-V3_p,DeepSeek-V3_A,Mistral_p,Mistral_A
0,GPT-3.5,,,0.03125,0.0,0.03125,0.0,0.03125,0.0,0.03125,1.0,0.03125,0.05555555555555558,0.03125,0.0
1,GPT-4o-mini,0.03125,1.0,,,0.03125,1.0,0.0625,0.888888888888889,0.03125,1.0,0.4375,0.3055555555555555,0.4375,0.5833333333333334
2,GPT-4o,0.03125,1.0,0.03125,0.0,,,0.09375,0.16666666666666666,0.03125,1.0,0.0625,0.16666666666666666,0.03125,0.0
3,GPT-5-Chat,0.03125,1.0,0.0625,0.11111111111111116,0.09375,0.8333333333333334,,,0.03125,1.0,0.0625,0.16666666666666666,0.4375,0.1944444444444445
4,DeepSeek-V2,0.03125,0.0,0.03125,0.0,0.03125,0.0,0.03125,0.0,,,0.03125,0.0,0.03125,0.0
5,DeepSeek-V3,0.03125,0.9444444444444443,0.4375,0.6944444444444445,0.0625,0.8333333333333334,0.0625,0.8333333333333334,0.03125,1.0,,,0.4375,0.8333333333333334
6,Mistral,0.03125,1.0,0.4375,0.4166666666666667,0.03125,1.0,0.4375,0.8055555555555557,0.03125,1.0,0.4375,0.16666666666666666,,
