Algorithm,SUT,critical_ratio_mean,critical_ratio_std,failures_mean,failures_std
STELLAR,navi_gpt-5-chat,0.26385768177315,0.03079173686536705,307.0,52.70294109440193
Random,navi_gpt-5-chat,0.053471019583557385,0.011812251620236502,71.83333333333333,18.988593067067047
T-wise,navi_gpt-5-chat,0.06412031985154179,0.0029842200728847344,70.83333333333333,4.167333280008532
